GROUP,PACKAGE,CLASS,INSTRUCTION_MISSED,INSTRUCTION_COVERED,BRANCH_MISSED,BRANCH_COVERED,LINE_MISSED,LINE_COVERED,COMPLEXITY_MISSED,COMPLEXITY_COVERED,METHOD_MISSED,METHOD_COVERED
payment-service,com.parkease.payment_service.entity,PaymentMode,0,27,0,0,0,2,0,1,0,1
payment-service,com.parkease.payment_service.entity,PaymentStatusConverter,14,0,2,0,3,0,4,0,3,0
payment-service,com.parkease.payment_service.entity,CustomUserPrincipal,13,0,0,0,6,0,6,0,6,0
payment-service,com.parkease.payment_service.entity,PaymentStatus,10,47,4,4,5,9,5,2,1,2
payment-service,com.parkease.payment_service.service.Impl,PaymentServiceImpl,112,538,12,20,21,126,15,24,6,17
payment-service,com.parkease.payment_service.controller,PaymentController,0,75,0,0,0,14,0,11,0,11
payment-service,com.parkease.payment_service.exception,GlobalExceptionHandler,70,7,0,0,13,2,4,2,4,2
payment-service,com.parkease.payment_service.exception,PaymentNotFoundException,0,4,0,0,0,2,0,1,0,1
payment-service,com.parkease.payment_service.event,PaymentEventPublisher,0,28,0,0,0,11,0,2,0,2
payment-service,com.parkease.payment_service.event,NotificationEventPublisher,0,62,0,0,0,20,0,3,0,3
payment-service,com.parkease.payment_service.mapper.Impl,PaymentResponseMapper,14,0,0,0,2,0,2,0,2,0
payment-service,com.parkease.payment_service.mapper.Impl,PaymentRequestMapper,14,0,0,0,2,0,2,0,2,0
payment-service,com.parkease.payment_service.utils,SecurityUtils,98,0,20,0,27,0,13,0,3,0
payment-service,com.parkease.payment_service.utils,PaymentSecurity,50,0,12,0,12,0,8,0,2,0
payment-service,com.parkease.payment_service.utils,HeaderAuthenticationFilter,37,3,4,0,12,1,3,1,1,1
payment-service,com.parkease.payment_service.config,AppConfig,14,0,0,0,4,0,2,0,2,0
payment-service,com.parkease.payment_service.config,SecurityConfig,27,0,0,0,6,0,4,0,4,0
payment-service,com.parkease.payment_service.config,RabbitMQConfig,33,0,0,0,8,0,3,0,3,0
payment-service,com.parkease.payment_service.config,PaymentStatusDataFixer,24,0,2,0,8,0,3,0,2,0
payment-service,com.parkease.payment_service.config,FeignAuthInterceptor,91,0,8,0,24,0,9,0,5,0
payment-service,com.parkease.payment_service,PaymentServiceApplication,5,3,0,0,2,1,1,1,1,1
